{
  "images" : [
    {
      "filename" : "siggy16.jpeg",
      "idiom" : "mac",
      "scale" : "1x",
      "size" : "16x16"
    },
    {
      "filename" : "siggy32 1.jpeg",
      "idiom" : "mac",
      "scale" : "2x",
      "size" : "16x16"
    },
    {
      "filename" : "siggy32.jpeg",
      "idiom" : "mac",
      "scale" : "1x",
      "size" : "32x32"
    },
    {
      "filename" : "siggy64.jpeg",
      "idiom" : "mac",
      "scale" : "2x",
      "size" : "32x32"
    },
    {
      "filename" : "siggy128.jpeg",
      "idiom" : "mac",
      "scale" : "1x",
      "size" : "128x128"
    },
    {
      "filename" : "siggy256 1.jpeg",
      "idiom" : "mac",
      "scale" : "2x",
      "size" : "128x128"
    },
    {
      "filename" : "siggy256.jpeg",
      "idiom" : "mac",
      "scale" : "1x",
      "size" : "256x256"
    },
    {
      "filename" : "siggy512 1.jpg",
      "idiom" : "mac",
      "scale" : "2x",
      "size" : "256x256"
    },
    {
      "filename" : "siggy512.jpg",
      "idiom" : "mac",
      "scale" : "1x",
      "size" : "512x512"
    },
    {
      "filename" : "siggy1024.jpg",
      "idiom" : "mac",
      "scale" : "2x",
      "size" : "512x512"
    }
  ],
  "info" : {
    "author" : "xcode",
    "version" : 1
  }
}
